{"ENTITY_ID":27,"tables":[{"id":"81756c7b-6f4b-4373-9fa7-f94fb0004598","position":{"x":2465,"y":589},"data":{"table_name":"service_user","fields":[{"fieldName":"user_id","fieldType":3,"isPK":true,"isNotNull":false,"isUnique":false,"defaultValue":"","args":[1,1],"isAutoIncrement":true},{"fieldName":"name","fieldType":10,"isPK":false,"isNotNull":true,"isUnique":false,"defaultValue":"","args":["512"],"isAutoIncrement":false},{"fieldName":"nationality","fieldType":10,"isPK":false,"isNotNull":true,"isUnique":false,"defaultValue":"","args":["512"],"isAutoIncrement":false},{"fieldName":"phone","fieldType":2,"isPK":false,"isNotNull":true,"isUnique":true,"defaultValue":"","args":"","isAutoIncrement":false},{"fieldName":"birthday","fieldType":7,"isPK":false,"isNotNull":true,"isUnique":false,"defaultValue":"","args":"","isAutoIncrement":false},{"fieldName":"email","fieldType":10,"isPK":false,"isNotNull":true,"isUnique":true,"defaultValue":"","args":["512"],"isAutoIncrement":false},{"fieldName":"password","fieldType":10,"isPK":false,"isNotNull":true,"isUnique":false,"defaultValue":"","args":["512"],"isAutoIncrement":false}],"next_id":7,"checkName":["constraint_name","constraint_phone","constraint_birthday","constraint_email","constraint_password"],"checkCondition":["--  'name' field only contains letters and spaces\nname ~ '^[a-zA-Z ]+$'","--  phone - Phone number has to comprise of 9 digits\nLENGTH(CAST(phone AS text)) = 9 AND CAST(phone AS text) ~ '^[0-9]+$'","-- birthday - Birthday can't be earlier than 1904\nbirthday > '1904-01-01'\n","-- email - Email has to be in the format of '<string>@<string>.<string (len>2))>'\nemail ~ '^[a-zA-Z0-9._%+-]+@[a-zA-Z0-9.-]+\\.[a-zA-Z]{2,}$'","-- password - Password has to be at least 4 characters long\nLENGTH(password) >= 4"]}},{"id":"21a46dc1-4f13-4683-92e9-c70ff05d7b98","position":{"x":892,"y":3},"data":{"table_name":"employee","fields":[],"next_id":1,"checkName":[],"checkCondition":[]}},{"id":"ae0c2609-ac7f-4411-a73e-cba59ff8a5b6","position":{"x":356,"y":13},"data":{"table_name":"assistant","fields":[],"next_id":2,"checkName":[],"checkCondition":[]}},{"id":"4640f34f-8e3a-4e41-b362-e0dce75856a0","position":{"x":1390,"y":224},"data":{"table_name":"nurse","fields":[],"next_id":3,"checkName":[],"checkCondition":[]}},{"id":"6b1582d2-46ef-40df-aabe-4f90fc681dc5","position":{"x":263,"y":255},"data":{"table_name":"doctor","fields":[{"fieldName":"licence_id","fieldType":3,"isPK":false,"isNotNull":true,"isUnique":true,"defaultValue":"","args":"","isAutoIncrement":true},{"fieldName":"university","fieldType":10,"isPK":false,"isNotNull":true,"isUnique":false,"defaultValue":"","args":["512"],"isAutoIncrement":false},{"fieldName":"graduation_date","fieldType":7,"isPK":false,"isNotNull":true,"isUnique":false,"defaultValue":"","args":"","isAutoIncrement":false}],"next_id":4,"checkName":["constraint_0"],"checkCondition":["--  'university' field only contains letters and spaces\nuniversity~ '^[a-zA-Z ]+$'"]}},{"id":"2ae56948-d842-40a4-8c76-eea246691e55","position":{"x":830,"y":1219},"data":{"table_name":"patient","fields":[],"next_id":4,"checkName":[],"checkCondition":[]}},{"id":"a1d1f2d0-bcc7-4d40-944c-451059ade469","position":{"x":1526.9998779296875,"y":782},"data":{"table_name":"appointment","fields":[{"fieldName":"app_id","fieldType":3,"isPK":true,"isNotNull":false,"isUnique":false,"defaultValue":"","args":"","isAutoIncrement":true},{"fieldName":"app_date","fieldType":8,"isPK":false,"isNotNull":true,"isUnique":false,"defaultValue":"","args":"","isAutoIncrement":false}],"next_id":3,"checkName":[],"checkCondition":[]}},{"id":"9ff91f40-e847-49de-84d2-af22d6beb0d7","position":{"x":876,"y":803},"data":{"table_name":"surgery","fields":[{"fieldName":"surgery_id","fieldType":3,"isPK":true,"isNotNull":false,"isUnique":false,"defaultValue":"","args":"","isAutoIncrement":true},{"fieldName":"type","fieldType":10,"isPK":false,"isNotNull":true,"isUnique":false,"defaultValue":"","args":["512"],"isAutoIncrement":false},{"fieldName":"surg_date","fieldType":8,"isPK":false,"isNotNull":true,"isUnique":false,"defaultValue":"","args":"","isAutoIncrement":false}],"next_id":5,"checkName":["constraint_1"],"checkCondition":["--  'type' field only contains letters and spaces\ntype~ '^[a-zA-Z ]+$'"]}},{"id":"c0727b65-3c16-47ae-97ab-ce28d9bd276a","position":{"x":183,"y":794},"data":{"table_name":"hospitalization","fields":[{"fieldName":"hosp_id","fieldType":3,"isPK":true,"isNotNull":false,"isUnique":false,"defaultValue":"","args":"","isAutoIncrement":true},{"fieldName":"start_date","fieldType":8,"isPK":false,"isNotNull":true,"isUnique":false,"defaultValue":"","args":"","isAutoIncrement":false},{"fieldName":"end_date","fieldType":8,"isPK":false,"isNotNull":true,"isUnique":false,"defaultValue":"","args":"","isAutoIncrement":false}],"next_id":5,"checkName":["constraint_0"],"checkCondition":["-- start_date must be previous to end_date\nstart_date >= end_date"]}},{"id":"db60e086-75b3-473c-99bc-356a40482d21","position":{"x":121,"y":1202},"data":{"table_name":"prescription","fields":[{"fieldName":"presc_id","fieldType":3,"isPK":true,"isNotNull":false,"isUnique":false,"defaultValue":"","args":[1,1],"isAutoIncrement":true},{"fieldName":"validity","fieldType":7,"isPK":false,"isNotNull":true,"isUnique":false,"defaultValue":"","args":"","isAutoIncrement":false}],"next_id":2,"checkName":[],"checkCondition":[]}},{"id":"8b203d5f-79cf-48e4-8506-3f05e9f3a327","position":{"x":185,"y":1512},"data":{"table_name":"medication","fields":[{"fieldName":"med_id","fieldType":3,"isPK":true,"isNotNull":false,"isUnique":false,"defaultValue":"","args":"","isAutoIncrement":true},{"fieldName":"med_name","fieldType":10,"isPK":false,"isNotNull":true,"isUnique":true,"defaultValue":"","args":["512"],"isAutoIncrement":false}],"next_id":3,"checkName":["constraint_0"],"checkCondition":["--  'med_name' field only contains letters and spaces\nmed_name ~ '^[a-zA-Z ]+$'"]}},{"id":"7afcd40d-4208-4e01-b460-12637001db24","position":{"x":1531,"y":1510},"data":{"table_name":"side_effect","fields":[{"fieldName":"effect_id","fieldType":3,"isPK":true,"isNotNull":false,"isUnique":false,"defaultValue":"","args":"","isAutoIncrement":true},{"fieldName":"symptom","fieldType":10,"isPK":false,"isNotNull":true,"isUnique":true,"defaultValue":"","args":["512"],"isAutoIncrement":false}],"next_id":4,"checkName":["constraint_0"],"checkCondition":["--  'symptom' field only contains letters and spaces\nsymptom~ '^[a-zA-Z ]+$'"]}},{"id":"9c6b4d99-4550-4c14-ab13-2cee6426e0dc","position":{"x":1541,"y":-168},"data":{"table_name":"contract","fields":[{"fieldName":"contract_id","fieldType":3,"isPK":false,"isNotNull":true,"isUnique":true,"defaultValue":"","args":"","isAutoIncrement":true},{"fieldName":"start_date","fieldType":7,"isPK":false,"isNotNull":true,"isUnique":false,"defaultValue":"","args":"","isAutoIncrement":false},{"fieldName":"end_date","fieldType":7,"isPK":false,"isNotNull":true,"isUnique":false,"defaultValue":"","args":"","isAutoIncrement":false}],"next_id":7,"checkName":["constraint_0"],"checkCondition":["-- start_date must be previous to end_date\nstart_date >= end_date;"]}},{"id":"79fd4ad7-c282-4140-9777-3af61a1ea7cf","position":{"x":1503,"y":1224},"data":{"table_name":"bill","fields":[{"fieldName":"bill_id","fieldType":3,"isPK":true,"isNotNull":false,"isUnique":false,"defaultValue":"","args":"","isAutoIncrement":true},{"fieldName":"total_cost","fieldType":3,"isPK":false,"isNotNull":true,"isUnique":false,"defaultValue":"","args":[1,1],"isAutoIncrement":false},{"fieldName":"already_payed","fieldType":0,"isPK":false,"isNotNull":true,"isUnique":false,"defaultValue":"false","args":[1,1],"isAutoIncrement":false}],"next_id":3,"checkName":["constraint_0","constraint_1","constraint_2"],"checkCondition":["-- 'total_cost' must be positive\ntotal_cost >= 0","-- 'already_paid' must be positive\nalready_paid >= 0","-- 'already_paid' must be <= than 'total_cost'\nalready_paid <= total_cost"]}},{"id":"11c70b88-2e5d-4189-ace6-407851d70281","position":{"x":-309,"y":263},"data":{"table_name":"specialization","fields":[{"fieldName":"spec_id","fieldType":3,"isPK":true,"isNotNull":false,"isUnique":false,"defaultValue":"","args":"","isAutoIncrement":false},{"fieldName":"spec_name","fieldType":10,"isPK":false,"isNotNull":true,"isUnique":true,"defaultValue":"","args":["512"],"isAutoIncrement":false}],"next_id":3,"checkName":["constraint_0"],"checkCondition":["--  'spec_name' field only contains letters and spaces\nspec_name~ '^[a-zA-Z ]+$'"]}},{"id":"a6089ded-e867-443f-8274-8c0a82e4eba5","position":{"x":832,"y":1511},"data":{"table_name":"effect_properties","fields":[{"fieldName":"probability","fieldType":4,"isPK":false,"isNotNull":true,"isUnique":false,"defaultValue":"","args":["8"],"isAutoIncrement":false},{"fieldName":"severity","fieldType":6,"isPK":false,"isNotNull":true,"isUnique":false,"defaultValue":"","args":["8","2"],"isAutoIncrement":false}],"next_id":2,"checkName":["constraint_0","constraint_1"],"checkCondition":["-- 'severity' must be positive\nseverity> 0","-- 'probability' must be between 0 and 1\nprobability> 0 AND probability < 1"]}},{"id":"4e57d04b-2f2c-4ec3-9caf-ad5fc9aaf0a8","position":{"x":1518,"y":519},"data":{"table_name":"enrolment_appointment","fields":[],"next_id":1,"checkName":[],"checkCondition":[]}},{"id":"6f4d9b3f-39e3-45ce-a95b-08cc2b3c40ef","position":{"x":1148,"y":519},"data":{"table_name":"enrolment_surgery","fields":[],"next_id":1,"checkName":[],"checkCondition":[]}},{"id":"e7566357-f342-4d3c-97bf-a4562ed9866b","position":{"x":2054,"y":1217},"data":{"table_name":"payment","fields":[{"fieldName":"payment_id","fieldType":3,"isPK":true,"isNotNull":false,"isUnique":false,"defaultValue":"","args":"","isAutoIncrement":true},{"fieldName":"amount","fieldType":3,"isPK":false,"isNotNull":true,"isUnique":false,"defaultValue":"","args":[1,1],"isAutoIncrement":false},{"fieldName":"payment_method","fieldType":10,"isPK":false,"isNotNull":true,"isUnique":false,"defaultValue":"","args":["512"],"isAutoIncrement":false},{"fieldName":"payment_date","fieldType":8,"isPK":false,"isNotNull":true,"isUnique":false,"defaultValue":"","args":"","isAutoIncrement":false}],"next_id":5,"checkName":["constraint_0"],"checkCondition":["-- 'amount' must be positive\namount > 0"]}},{"id":"8a4da09b-01c0-4eb1-b1bc-7728c1b4b6c5","position":{"x":-197,"y":1357},"data":{"table_name":"dose","fields":[{"fieldName":"amount","fieldType":2,"isPK":false,"isNotNull":true,"isUnique":false,"defaultValue":"","args":"","isAutoIncrement":false},{"fieldName":"time_of_day","fieldType":10,"isPK":true,"isNotNull":false,"isUnique":false,"defaultValue":"","args":["512"],"isAutoIncrement":false}],"next_id":4,"checkName":["constraint_0","constraint_2"],"checkCondition":["-- 'amount' must be positive\namount > 0","-- 'time_of_day' has the domain morning, afternoon or evening\n(time_of_day IN ('morning', 'afternoon', 'evening'))"]}},{"id":"c05a69c8-c3ea-4337-92a8-b9a63b3651ec","position":{"x":1874,"y":218},"data":{"table_name":"rank","fields":[{"fieldName":"rank_id","fieldType":3,"isPK":true,"isNotNull":false,"isUnique":false,"defaultValue":"","args":[1,1],"isAutoIncrement":true},{"fieldName":"rank_name","fieldType":10,"isPK":false,"isNotNull":true,"isUnique":true,"defaultValue":"","args":["512"],"isAutoIncrement":false}],"next_id":2,"checkName":["constraint_0"],"checkCondition":["--  'rank_name' field only contains letters and spaces\nrank_name ~ '^[a-zA-Z ]+$'"]}},{"id":"496cec9b-92d5-4c75-8a46-e23f44904264","position":{"x":1732,"y":348},"data":{"table_name":"role","fields":[{"fieldName":"role_id","fieldType":3,"isPK":true,"isNotNull":false,"isUnique":false,"defaultValue":"","args":[1,1],"isAutoIncrement":true},{"fieldName":"role_name","fieldType":10,"isPK":false,"isNotNull":true,"isUnique":true,"defaultValue":"","args":["512"],"isAutoIncrement":false}],"next_id":2,"checkName":["constraint_0"],"checkCondition":["--  'role_name' field only contains letters and spaces\nrole_name ~ '^[a-zA-Z ]+$'"]}},{"id":"1e4bcda6-6384-473b-830c-def0d0fb834d","position":{"x":1759,"y":656},"data":{"table_name":"app_type","fields":[{"fieldName":"type_id","fieldType":3,"isPK":true,"isNotNull":false,"isUnique":false,"defaultValue":"","args":[1,1],"isAutoIncrement":true},{"fieldName":"type_name","fieldType":10,"isPK":false,"isNotNull":true,"isUnique":true,"defaultValue":"","args":["512"],"isAutoIncrement":false}],"next_id":2,"checkName":["constraint_0"],"checkCondition":["--  'type_name' field only contains letters and spaces\ntype_name ~ '^[a-zA-Z ]+$'"]}}],"links":[{"source":"ae0c2609-ac7f-4411-a73e-cba59ff8a5b6","target":"21a46dc1-4f13-4683-92e9-c70ff05d7b98","order":"parenting","sourceCard":"0:1","targetCard":"0:1","label":"complete","hierType":"complete","sourceisweak":false,"targetisweak":false},{"source":"4640f34f-8e3a-4e41-b362-e0dce75856a0","target":"21a46dc1-4f13-4683-92e9-c70ff05d7b98","order":"parenting","sourceCard":"0:1","targetCard":"0:1","label":"complete","hierType":"complete","sourceisweak":false,"targetisweak":false},{"source":"6b1582d2-46ef-40df-aabe-4f90fc681dc5","target":"21a46dc1-4f13-4683-92e9-c70ff05d7b98","order":"parenting","sourceCard":"0:1","targetCard":"0:1","label":"complete","hierType":"complete","sourceisweak":false,"targetisweak":false},{"source":"21a46dc1-4f13-4683-92e9-c70ff05d7b98","target":"81756c7b-6f4b-4373-9fa7-f94fb0004598","order":"parenting","sourceCard":"0:1","targetCard":"0:1","label":"complete","hierType":"complete","sourceisweak":false,"targetisweak":false},{"source":"2ae56948-d842-40a4-8c76-eea246691e55","target":"81756c7b-6f4b-4373-9fa7-f94fb0004598","order":"parenting","sourceCard":"0:1","targetCard":"0:1","label":"complete","hierType":"complete","sourceisweak":false,"targetisweak":false},{"source":"c0727b65-3c16-47ae-97ab-ce28d9bd276a","target":"4640f34f-8e3a-4e41-b362-e0dce75856a0","order":"normal","sourceCard":"0:n","targetCard":"1:1","label":"is_responsible_for","hierType":null,"sourceisweak":false,"targetisweak":false},{"source":"6b1582d2-46ef-40df-aabe-4f90fc681dc5","target":"9ff91f40-e847-49de-84d2-af22d6beb0d7","order":"normal","sourceCard":"1:1","targetCard":"0:n","label":"conducts","hierType":null,"sourceisweak":false,"targetisweak":false},{"source":"c0727b65-3c16-47ae-97ab-ce28d9bd276a","target":"9ff91f40-e847-49de-84d2-af22d6beb0d7","order":"normal","sourceCard":"1:1","targetCard":"0:n","label":"requires","hierType":null,"sourceisweak":false,"targetisweak":false},{"source":"6b1582d2-46ef-40df-aabe-4f90fc681dc5","target":"a1d1f2d0-bcc7-4d40-944c-451059ade469","order":"normal","sourceCard":"1:1","targetCard":"0:n","label":"conducts","hierType":null,"sourceisweak":false,"targetisweak":false},{"source":"2ae56948-d842-40a4-8c76-eea246691e55","target":"a1d1f2d0-bcc7-4d40-944c-451059ade469","order":"normal","sourceCard":"1:1","targetCard":"0:n","label":"has","hierType":null,"sourceisweak":false,"targetisweak":false},{"source":"2ae56948-d842-40a4-8c76-eea246691e55","target":"c0727b65-3c16-47ae-97ab-ce28d9bd276a","order":"normal","sourceCard":"1:1","targetCard":"0:n","label":"undergoes","hierType":null,"sourceisweak":false,"targetisweak":false},{"source":"c0727b65-3c16-47ae-97ab-ce28d9bd276a","target":"db60e086-75b3-473c-99bc-356a40482d21","order":"normal","sourceCard":"0:1","targetCard":"0:n","label":"has","hierType":null,"sourceisweak":false,"targetisweak":false},{"source":"db60e086-75b3-473c-99bc-356a40482d21","target":"a1d1f2d0-bcc7-4d40-944c-451059ade469","order":"normal","sourceCard":"0:n","targetCard":"0:1","label":"has","hierType":null,"sourceisweak":false,"targetisweak":false},{"source":"21a46dc1-4f13-4683-92e9-c70ff05d7b98","target":"9c6b4d99-4550-4c14-ab13-2cee6426e0dc","order":"normal","sourceCard":"1:1","targetCard":"1:1","label":"has","hierType":null,"sourceisweak":false,"targetisweak":false},{"source":"c0727b65-3c16-47ae-97ab-ce28d9bd276a","target":"79fd4ad7-c282-4140-9777-3af61a1ea7cf","order":"normal","sourceCard":"0:1","targetCard":"1:1","label":"costs","hierType":null,"sourceisweak":false,"targetisweak":false},{"source":"a1d1f2d0-bcc7-4d40-944c-451059ade469","target":"79fd4ad7-c282-4140-9777-3af61a1ea7cf","order":"normal","sourceCard":"0:1","targetCard":"1:1","label":"costs","hierType":null,"sourceisweak":false,"targetisweak":false},{"source":"11c70b88-2e5d-4189-ace6-407851d70281","target":"6b1582d2-46ef-40df-aabe-4f90fc681dc5","order":"normal","sourceCard":"0:n","targetCard":"0:n","label":"has_specialization","hierType":null,"sourceisweak":false,"targetisweak":false},{"source":"11c70b88-2e5d-4189-ace6-407851d70281","target":"11c70b88-2e5d-4189-ace6-407851d70281","order":"normal","sourceCard":"0:1","targetCard":"0:n","label":"hierarchy","hierType":null,"sourceisweak":false,"targetisweak":false},{"source":"8b203d5f-79cf-48e4-8506-3f05e9f3a327","target":"a6089ded-e867-443f-8274-8c0a82e4eba5","order":"normal","sourceCard":"1:1","targetCard":"0:n","label":"has","hierType":null,"sourceisweak":false,"targetisweak":true},{"source":"a6089ded-e867-443f-8274-8c0a82e4eba5","target":"7afcd40d-4208-4e01-b460-12637001db24","order":"normal","sourceCard":"0:n","targetCard":"1:1","label":"of","hierType":null,"sourceisweak":true,"targetisweak":false},{"source":"4640f34f-8e3a-4e41-b362-e0dce75856a0","target":"6f4d9b3f-39e3-45ce-a95b-08cc2b3c40ef","order":"normal","sourceCard":"1:1","targetCard":"0:n","label":"enrols","hierType":null,"sourceisweak":false,"targetisweak":true},{"source":"6f4d9b3f-39e3-45ce-a95b-08cc2b3c40ef","target":"9ff91f40-e847-49de-84d2-af22d6beb0d7","order":"normal","sourceCard":"0:n","targetCard":"1:1","label":"in","hierType":null,"sourceisweak":true,"targetisweak":false},{"source":"4640f34f-8e3a-4e41-b362-e0dce75856a0","target":"4e57d04b-2f2c-4ec3-9caf-ad5fc9aaf0a8","order":"normal","sourceCard":"1:1","targetCard":"0:n","label":"enrols","hierType":null,"sourceisweak":false,"targetisweak":true},{"source":"4e57d04b-2f2c-4ec3-9caf-ad5fc9aaf0a8","target":"a1d1f2d0-bcc7-4d40-944c-451059ade469","order":"normal","sourceCard":"0:n","targetCard":"1:1","label":"in","hierType":null,"sourceisweak":true,"targetisweak":false},{"source":"e7566357-f342-4d3c-97bf-a4562ed9866b","target":"79fd4ad7-c282-4140-9777-3af61a1ea7cf","order":"normal","sourceCard":"0:n","targetCard":"1:1","label":"pays","hierType":null,"sourceisweak":true,"targetisweak":false},{"source":"8a4da09b-01c0-4eb1-b1bc-7728c1b4b6c5","target":"db60e086-75b3-473c-99bc-356a40482d21","order":"normal","sourceCard":"0:n","targetCard":"1:1","label":"has_dosage","hierType":null,"sourceisweak":true,"targetisweak":false},{"source":"8a4da09b-01c0-4eb1-b1bc-7728c1b4b6c5","target":"8b203d5f-79cf-48e4-8506-3f05e9f3a327","order":"normal","sourceCard":"0:n","targetCard":"1:1","label":"of","hierType":null,"sourceisweak":true,"targetisweak":false},{"source":"4640f34f-8e3a-4e41-b362-e0dce75856a0","target":"c05a69c8-c3ea-4337-92a8-b9a63b3651ec","order":"normal","sourceCard":"0:n","targetCard":"1:1","label":"has_rank","hierType":null,"sourceisweak":false,"targetisweak":false},{"source":"4e57d04b-2f2c-4ec3-9caf-ad5fc9aaf0a8","target":"496cec9b-92d5-4c75-8a46-e23f44904264","order":"normal","sourceCard":"0:n","targetCard":"1:1","label":"as","hierType":null,"sourceisweak":true,"targetisweak":false},{"source":"6f4d9b3f-39e3-45ce-a95b-08cc2b3c40ef","target":"496cec9b-92d5-4c75-8a46-e23f44904264","order":"normal","sourceCard":"0:n","targetCard":"1:1","label":"as","hierType":null,"sourceisweak":true,"targetisweak":false},{"source":"c05a69c8-c3ea-4337-92a8-b9a63b3651ec","target":"c05a69c8-c3ea-4337-92a8-b9a63b3651ec","order":"normal","sourceCard":"0:1","targetCard":"0:n","label":"hierarchy","hierType":null,"sourceisweak":false,"targetisweak":false},{"source":"a1d1f2d0-bcc7-4d40-944c-451059ade469","target":"1e4bcda6-6384-473b-830c-def0d0fb834d","order":"normal","sourceCard":"0:n","targetCard":"1:1","label":"of_type","hierType":null,"sourceisweak":false,"targetisweak":false}],"normalization":1,"database":0}