{"ENTITY_ID":27,"tables":[{"id":"2decd143-d3ff-412e-b733-b12c8f916048","position":{"x":2454,"y":569},"data":{"table_name":"service_user","fields":[{"fieldName":"user_id","fieldType":3,"isPK":true,"isNotNull":false,"isUnique":false,"defaultValue":"","args":[1,1],"isAutoIncrement":false},{"fieldName":"name","fieldType":10,"isPK":false,"isNotNull":true,"isUnique":false,"defaultValue":"","args":["512"],"isAutoIncrement":false},{"fieldName":"nationality","fieldType":10,"isPK":false,"isNotNull":true,"isUnique":false,"defaultValue":"","args":["512"],"isAutoIncrement":false},{"fieldName":"phone","fieldType":2,"isPK":false,"isNotNull":true,"isUnique":true,"defaultValue":"","args":"","isAutoIncrement":false},{"fieldName":"birthday","fieldType":7,"isPK":false,"isNotNull":true,"isUnique":false,"defaultValue":"","args":"","isAutoIncrement":false},{"fieldName":"email","fieldType":10,"isPK":false,"isNotNull":true,"isUnique":true,"defaultValue":"","args":["512"],"isAutoIncrement":false},{"fieldName":"password","fieldType":10,"isPK":false,"isNotNull":true,"isUnique":false,"defaultValue":"","args":["512"],"isAutoIncrement":false}],"next_id":7,"checkName":["constraint_name","constraint_phone","constraint_birthday","constraint_3"],"checkCondition":["--  'name' field only contains letters and spaces\nname ~ '^[a-zA-Z ]+$';","--  phone - Phone number has to comprise of 9 digits\nLENGTH(phone) != 9 OR phone !~ '^[0-9]+$'","-- birthday - Birthday can't be earlier than 1904\nbirthday < '1904-01-01'\n","-- 'user_id' must have 10 digits and be non-negative\nLENGTH(user_id) = 10 "]}},{"id":"494c9281-0e36-4ffa-8de4-5fdd8cbb85ee","position":{"x":892,"y":3},"data":{"table_name":"employee","fields":[],"next_id":1,"checkName":[],"checkCondition":[]}},{"id":"ec15d679-1fd6-4f4c-bab0-56eb23811627","position":{"x":356,"y":13},"data":{"table_name":"assistant","fields":[],"next_id":2,"checkName":[],"checkCondition":[]}},{"id":"7e6ed45d-a246-4ca3-87e3-b7c6c7536fd4","position":{"x":1390,"y":224},"data":{"table_name":"nurse","fields":[],"next_id":3,"checkName":[],"checkCondition":[]}},{"id":"09fb9a9b-3c22-4707-84b8-f94c01777ed8","position":{"x":263,"y":255},"data":{"table_name":"doctor","fields":[{"fieldName":"university","fieldType":10,"isPK":false,"isNotNull":true,"isUnique":false,"defaultValue":"","args":["512"],"isAutoIncrement":false},{"fieldName":"licence_id","fieldType":3,"isPK":false,"isNotNull":true,"isUnique":true,"defaultValue":"","args":"","isAutoIncrement":false},{"fieldName":"graduation_date","fieldType":7,"isPK":false,"isNotNull":true,"isUnique":false,"defaultValue":"","args":"","isAutoIncrement":false}],"next_id":4,"checkName":["constraint_0","constraint_1"],"checkCondition":["--  'university' field only contains letters and spaces\nuniversity~ '^[a-zA-Z ]+$';","-- 'license_id' must have 10 digits and be non-negative\nLENGTH(license_id) = 10 "]}},{"id":"83a705c7-e6c4-4f33-ae03-99c90f91fce5","position":{"x":830,"y":1219},"data":{"table_name":"patient","fields":[{"fieldName":"patient_id","fieldType":3,"isPK":false,"isNotNull":true,"isUnique":true,"defaultValue":"","args":"","isAutoIncrement":false}],"next_id":4,"checkName":["constraint_0"],"checkCondition":["-- 'patient_id' must have 10 digits and be non-negative\nLENGTH(patient_id) = 10 "]}},{"id":"f8153f06-009f-43c0-82b5-b19f0f4cb0e3","position":{"x":1526.9998779296875,"y":782},"data":{"table_name":"appointment","fields":[{"fieldName":"app_id","fieldType":3,"isPK":true,"isNotNull":false,"isUnique":false,"defaultValue":"","args":"","isAutoIncrement":false},{"fieldName":"app_date","fieldType":8,"isPK":false,"isNotNull":true,"isUnique":false,"defaultValue":"","args":"","isAutoIncrement":false}],"next_id":3,"checkName":["constraint_0","constraint_1"],"checkCondition":["--  'type' field only contains letters and spaces\ntype~ '^[a-zA-Z ]+$';","-- 'app_id' must have 10 digits and be non-negative\nLENGTH(app_id) = 10 "]}},{"id":"730eb0c4-df68-411c-aa72-1e1074ccf033","position":{"x":876,"y":803},"data":{"table_name":"surgery","fields":[{"fieldName":"surgery_id","fieldType":3,"isPK":true,"isNotNull":false,"isUnique":false,"defaultValue":"","args":"","isAutoIncrement":false},{"fieldName":"type","fieldType":10,"isPK":false,"isNotNull":true,"isUnique":false,"defaultValue":"","args":["512"],"isAutoIncrement":false},{"fieldName":"surg_date","fieldType":8,"isPK":false,"isNotNull":true,"isUnique":false,"defaultValue":"","args":"","isAutoIncrement":false}],"next_id":5,"checkName":["constraint_0","constraint_1"],"checkCondition":["-- 'surgery_id' must have 10 digits and be non-negative\nLENGTH(surgery_id) = 10 ","--  'type' field only contains letters and spaces\ntype~ '^[a-zA-Z ]+$';"]}},{"id":"5dabb9ea-9bd4-4b11-8b11-4a5179542bd5","position":{"x":183,"y":794},"data":{"table_name":"hospitalization","fields":[{"fieldName":"hosp_id","fieldType":3,"isPK":true,"isNotNull":false,"isUnique":false,"defaultValue":"","args":"","isAutoIncrement":false},{"fieldName":"start_date","fieldType":8,"isPK":false,"isNotNull":true,"isUnique":false,"defaultValue":"","args":"","isAutoIncrement":false},{"fieldName":"end_date","fieldType":8,"isPK":false,"isNotNull":true,"isUnique":false,"defaultValue":"","args":"","isAutoIncrement":false},{"fieldName":"type","fieldType":10,"isPK":false,"isNotNull":true,"isUnique":false,"defaultValue":"","args":["512"],"isAutoIncrement":false}],"next_id":5,"checkName":["constraint_0","constraint_1","constraint_2"],"checkCondition":["--  'type' field only contains letters and spaces\ntype~ '^[a-zA-Z ]+$';","-- start_date must be previous to end_date\nstart_date >= end_date;","-- 'hospital_id' must have 10 digits and be non-negative\nLENGTH(hospital_id) = 10 "]}},{"id":"fddb2d61-899b-432d-ab87-7d5c5b35891b","position":{"x":177,"y":1217},"data":{"table_name":"prescription","fields":[{"fieldName":"presc_id","fieldType":3,"isPK":true,"isNotNull":false,"isUnique":false,"defaultValue":"","args":[1,1],"isAutoIncrement":false},{"fieldName":"presc_date","fieldType":8,"isPK":false,"isNotNull":true,"isUnique":false,"defaultValue":"","args":"","isAutoIncrement":false}],"next_id":2,"checkName":["constraint_0"],"checkCondition":["-- 'presc_id' must have 10 digits and be non-negative\nLENGTH(presc_id) = 10 "]}},{"id":"b158e3be-fc3c-4228-997e-6ca4269a6184","position":{"x":185,"y":1511},"data":{"table_name":"medication","fields":[{"fieldName":"med_id","fieldType":3,"isPK":true,"isNotNull":false,"isUnique":false,"defaultValue":"","args":"","isAutoIncrement":false},{"fieldName":"med_name","fieldType":10,"isPK":false,"isNotNull":true,"isUnique":true,"defaultValue":"","args":["512"],"isAutoIncrement":false}],"next_id":3,"checkName":["constraint_0","constraint_1"],"checkCondition":["--  'med_name' field only contains letters and spaces\nmed_name ~ '^[a-zA-Z ]+$';","-- 'med_id' must have 10 digits and be non-negative\nLENGTH(med_id) = 10 "]}},{"id":"ee6a3e58-39ca-460b-af28-fcfb9440f2d0","position":{"x":1531,"y":1510},"data":{"table_name":"side_effect","fields":[{"fieldName":"effect_id","fieldType":3,"isPK":true,"isNotNull":false,"isUnique":false,"defaultValue":"","args":"","isAutoIncrement":false},{"fieldName":"symptom","fieldType":10,"isPK":false,"isNotNull":true,"isUnique":true,"defaultValue":"","args":["512"],"isAutoIncrement":false}],"next_id":4,"checkName":["constraint_0","constraint_1"],"checkCondition":["--  'symptom' field only contains letters and spaces\nsymptom~ '^[a-zA-Z ]+$';","-- 'effect_id' must have 10 digits and be non-negative\nLENGTH(effect_id) = 10 "]}},{"id":"62a2476b-6288-4c8e-b14a-726e56ff6403","position":{"x":1540,"y":-168},"data":{"table_name":"contract","fields":[{"fieldName":"contract_id","fieldType":3,"isPK":false,"isNotNull":true,"isUnique":true,"defaultValue":"","args":"","isAutoIncrement":false},{"fieldName":"start_date","fieldType":7,"isPK":false,"isNotNull":true,"isUnique":false,"defaultValue":"","args":"","isAutoIncrement":false},{"fieldName":"end_date","fieldType":7,"isPK":false,"isNotNull":true,"isUnique":false,"defaultValue":"","args":"","isAutoIncrement":false}],"next_id":7,"checkName":["constraint_0","constraint_1"],"checkCondition":["-- start_date must be previous to end_date\nstart_date >= end_date;","-- 'contract_id' must have 10 digits and be non-negative\nLENGTH(contract_id) = 10 "]}},{"id":"a00293d2-a40c-4e47-8a45-f44d3ef4d980","position":{"x":1503,"y":1224},"data":{"table_name":"bill","fields":[{"fieldName":"bill_id","fieldType":3,"isPK":true,"isNotNull":false,"isUnique":false,"defaultValue":"","args":"","isAutoIncrement":false},{"fieldName":"cost","fieldType":3,"isPK":false,"isNotNull":true,"isUnique":false,"defaultValue":"","args":[1,1],"isAutoIncrement":false},{"fieldName":"is_payed","fieldType":0,"isPK":false,"isNotNull":true,"isUnique":false,"defaultValue":"false","args":[1,1],"isAutoIncrement":false}],"next_id":3,"checkName":["constraint_0","constraint_1"],"checkCondition":["-- '~cost' must be positive\ncost> 0","-- 'payment_id' must have 10 digits and be non-negative\nLENGTH(payment_id) = 10 "]}},{"id":"f17bfdf3-4b87-4829-a0ed-7b365a470e61","position":{"x":-309,"y":263},"data":{"table_name":"specialization","fields":[{"fieldName":"spec_id","fieldType":3,"isPK":true,"isNotNull":false,"isUnique":false,"defaultValue":"","args":"","isAutoIncrement":false},{"fieldName":"spec_name","fieldType":10,"isPK":false,"isNotNull":true,"isUnique":true,"defaultValue":"","args":["512"],"isAutoIncrement":false}],"next_id":3,"checkName":["constraint_0","constraint_1"],"checkCondition":["--  'spec_name' field only contains letters and spaces\nspec_name~ '^[a-zA-Z ]+$';","-- 'spec_id' must have 10 digits and be non-negative\nLENGTH(spec_id) = 10 "]}},{"id":"066ead57-f5cb-4568-b4e6-6d1839a44956","position":{"x":832,"y":1511},"data":{"table_name":"effect_properties","fields":[{"fieldName":"probability","fieldType":4,"isPK":false,"isNotNull":true,"isUnique":false,"defaultValue":"","args":["8"],"isAutoIncrement":false},{"fieldName":"severity","fieldType":6,"isPK":false,"isNotNull":true,"isUnique":false,"defaultValue":"","args":["8","2"],"isAutoIncrement":false}],"next_id":2,"checkName":["constraint_0","constraint_1"],"checkCondition":["-- 'severity' must be positive\nseverity> 0","-- 'probability' must be between 0 and 1\nprobability> 0 AND probability < 1"]}},{"id":"861b3d8a-8564-47a5-a1e9-a2bc0a4e7f82","position":{"x":1518,"y":519},"data":{"table_name":"enrolment_appointment","fields":[],"next_id":1,"checkName":[],"checkCondition":[]}},{"id":"17303fe7-363e-48c1-acac-1846954a47bd","position":{"x":1148,"y":519},"data":{"table_name":"enrolment_surgery","fields":[],"next_id":1,"checkName":[],"checkCondition":[]}},{"id":"51fa2f24-7af4-40f3-bde9-005418ef9b2f","position":{"x":2053,"y":1216},"data":{"table_name":"payment","fields":[{"fieldName":"payment_id","fieldType":3,"isPK":false,"isNotNull":true,"isUnique":true,"defaultValue":"","args":"","isAutoIncrement":false},{"fieldName":"amount","fieldType":3,"isPK":false,"isNotNull":true,"isUnique":false,"defaultValue":"","args":[1,1],"isAutoIncrement":false},{"fieldName":"payment_date","fieldType":8,"isPK":false,"isNotNull":true,"isUnique":false,"defaultValue":"","args":"","isAutoIncrement":false}],"next_id":3,"checkName":["constraint_0","constraint_1"],"checkCondition":["-- 'amount' must be positive\namount > 0","-- 'payment_id' must have 10 digits and be non-negative\nLENGTH(payment_id) = 10 "]}},{"id":"f954a3cf-962e-45b9-9239-91b02f57de85","position":{"x":-197,"y":1356},"data":{"table_name":"dose","fields":[{"fieldName":"amount","fieldType":2,"isPK":false,"isNotNull":true,"isUnique":false,"defaultValue":"","args":"","isAutoIncrement":false},{"fieldName":"time_of_day","fieldType":10,"isPK":true,"isNotNull":false,"isUnique":false,"defaultValue":"","args":["512"],"isAutoIncrement":false},{"fieldName":"duration","fieldType":1,"isPK":false,"isNotNull":true,"isUnique":false,"defaultValue":"","args":"","isAutoIncrement":false}],"next_id":4,"checkName":["constraint_0","constraint_1","constraint_2"],"checkCondition":["-- 'amount' must be positive\namount > 0","-- 'duration' must be positive\nduration> 0","-- 'time_of_the_day' has the domain morning, afternoon or evening\n(time_of_the_day IN ('morning', 'afternoon', 'evening'));"]}},{"id":"56f3ea48-6831-41ac-868d-73062de18b8e","position":{"x":1874,"y":218},"data":{"table_name":"rank","fields":[{"fieldName":"rank_id","fieldType":3,"isPK":true,"isNotNull":false,"isUnique":false,"defaultValue":"","args":[1,1],"isAutoIncrement":false},{"fieldName":"rank_name","fieldType":10,"isPK":false,"isNotNull":true,"isUnique":true,"defaultValue":"","args":["512"],"isAutoIncrement":false}],"next_id":2,"checkName":["constraint_0","constraint_1"],"checkCondition":["--  'rank_name' field only contains letters and spaces\nrank_name ~ '^[a-zA-Z ]+$';","-- 'rank_id' must have 10 digits and be non-negative\nLENGTH(rank_id) = 10 "]}},{"id":"65a6e9fd-bee9-4fd9-bed1-3919ac35b40c","position":{"x":1734,"y":348},"data":{"table_name":"role","fields":[{"fieldName":"role_id","fieldType":3,"isPK":true,"isNotNull":false,"isUnique":false,"defaultValue":"","args":[1,1],"isAutoIncrement":false},{"fieldName":"role_name","fieldType":10,"isPK":false,"isNotNull":true,"isUnique":true,"defaultValue":"","args":["512"],"isAutoIncrement":false}],"next_id":2,"checkName":["constraint_0","constraint_1"],"checkCondition":["--  'role_name' field only contains letters and spaces\nrole_name ~ '^[a-zA-Z ]+$';","-- 'role_id' must have 10 digits and be non-negative\nLENGTH(role_id) = 10 "]}},{"id":"2473fd19-822b-4cf7-a2c8-53a672966e54","position":{"x":1758,"y":656},"data":{"table_name":"app_type","fields":[{"fieldName":"type_id","fieldType":3,"isPK":true,"isNotNull":false,"isUnique":false,"defaultValue":"","args":[1,1],"isAutoIncrement":false},{"fieldName":"type_name","fieldType":10,"isPK":false,"isNotNull":true,"isUnique":true,"defaultValue":"","args":["512"],"isAutoIncrement":false}],"next_id":2,"checkName":["contraint_0","constraint_1"],"checkCondition":["-- 'type_id' must have 10 digits and be non-negative\nLENGTH(type_id) = 10 ","--  'type_name' field only contains letters and spaces\ntype_name ~ '^[a-zA-Z ]+$';"]}}],"links":[{"source":"ec15d679-1fd6-4f4c-bab0-56eb23811627","target":"494c9281-0e36-4ffa-8de4-5fdd8cbb85ee","order":"parenting","sourceCard":"0:1","targetCard":"0:1","label":"complete","hierType":"complete","sourceisweak":false,"targetisweak":false},{"source":"7e6ed45d-a246-4ca3-87e3-b7c6c7536fd4","target":"494c9281-0e36-4ffa-8de4-5fdd8cbb85ee","order":"parenting","sourceCard":"0:1","targetCard":"0:1","label":"complete","hierType":"complete","sourceisweak":false,"targetisweak":false},{"source":"09fb9a9b-3c22-4707-84b8-f94c01777ed8","target":"494c9281-0e36-4ffa-8de4-5fdd8cbb85ee","order":"parenting","sourceCard":"0:1","targetCard":"0:1","label":"complete","hierType":"complete","sourceisweak":false,"targetisweak":false},{"source":"494c9281-0e36-4ffa-8de4-5fdd8cbb85ee","target":"2decd143-d3ff-412e-b733-b12c8f916048","order":"parenting","sourceCard":"0:1","targetCard":"0:1","label":"complete","hierType":"complete","sourceisweak":false,"targetisweak":false},{"source":"83a705c7-e6c4-4f33-ae03-99c90f91fce5","target":"2decd143-d3ff-412e-b733-b12c8f916048","order":"parenting","sourceCard":"0:1","targetCard":"0:1","label":"complete","hierType":"complete","sourceisweak":false,"targetisweak":false},{"source":"5dabb9ea-9bd4-4b11-8b11-4a5179542bd5","target":"7e6ed45d-a246-4ca3-87e3-b7c6c7536fd4","order":"normal","sourceCard":"0:n","targetCard":"1:1","label":"is_responsible_for","hierType":null,"sourceisweak":false,"targetisweak":false},{"source":"09fb9a9b-3c22-4707-84b8-f94c01777ed8","target":"730eb0c4-df68-411c-aa72-1e1074ccf033","order":"normal","sourceCard":"1:1","targetCard":"0:n","label":"conducts","hierType":null,"sourceisweak":false,"targetisweak":false},{"source":"5dabb9ea-9bd4-4b11-8b11-4a5179542bd5","target":"730eb0c4-df68-411c-aa72-1e1074ccf033","order":"normal","sourceCard":"1:1","targetCard":"0:n","label":"requires","hierType":null,"sourceisweak":false,"targetisweak":false},{"source":"09fb9a9b-3c22-4707-84b8-f94c01777ed8","target":"f8153f06-009f-43c0-82b5-b19f0f4cb0e3","order":"normal","sourceCard":"1:1","targetCard":"0:n","label":"conducts","hierType":null,"sourceisweak":false,"targetisweak":false},{"source":"83a705c7-e6c4-4f33-ae03-99c90f91fce5","target":"f8153f06-009f-43c0-82b5-b19f0f4cb0e3","order":"normal","sourceCard":"1:1","targetCard":"0:n","label":"has","hierType":null,"sourceisweak":false,"targetisweak":false},{"source":"83a705c7-e6c4-4f33-ae03-99c90f91fce5","target":"5dabb9ea-9bd4-4b11-8b11-4a5179542bd5","order":"normal","sourceCard":"1:1","targetCard":"0:n","label":"undergoes","hierType":null,"sourceisweak":false,"targetisweak":false},{"source":"5dabb9ea-9bd4-4b11-8b11-4a5179542bd5","target":"fddb2d61-899b-432d-ab87-7d5c5b35891b","order":"normal","sourceCard":"0:1","targetCard":"0:n","label":"has","hierType":null,"sourceisweak":false,"targetisweak":false},{"source":"fddb2d61-899b-432d-ab87-7d5c5b35891b","target":"f8153f06-009f-43c0-82b5-b19f0f4cb0e3","order":"normal","sourceCard":"0:n","targetCard":"0:1","label":"has","hierType":null,"sourceisweak":false,"targetisweak":false},{"source":"494c9281-0e36-4ffa-8de4-5fdd8cbb85ee","target":"62a2476b-6288-4c8e-b14a-726e56ff6403","order":"normal","sourceCard":"1:1","targetCard":"1:1","label":"has","hierType":null,"sourceisweak":false,"targetisweak":false},{"source":"5dabb9ea-9bd4-4b11-8b11-4a5179542bd5","target":"a00293d2-a40c-4e47-8a45-f44d3ef4d980","order":"normal","sourceCard":"0:1","targetCard":"1:1","label":"costs","hierType":null,"sourceisweak":false,"targetisweak":false},{"source":"f8153f06-009f-43c0-82b5-b19f0f4cb0e3","target":"a00293d2-a40c-4e47-8a45-f44d3ef4d980","order":"normal","sourceCard":"0:1","targetCard":"1:1","label":"costs","hierType":null,"sourceisweak":false,"targetisweak":false},{"source":"f17bfdf3-4b87-4829-a0ed-7b365a470e61","target":"09fb9a9b-3c22-4707-84b8-f94c01777ed8","order":"normal","sourceCard":"0:n","targetCard":"0:n","label":"has_specialization","hierType":null,"sourceisweak":false,"targetisweak":false},{"source":"f17bfdf3-4b87-4829-a0ed-7b365a470e61","target":"f17bfdf3-4b87-4829-a0ed-7b365a470e61","order":"normal","sourceCard":"0:1","targetCard":"0:n","label":"hierarchy","hierType":null,"sourceisweak":false,"targetisweak":false},{"source":"b158e3be-fc3c-4228-997e-6ca4269a6184","target":"066ead57-f5cb-4568-b4e6-6d1839a44956","order":"normal","sourceCard":"1:1","targetCard":"0:n","label":"has","hierType":null,"sourceisweak":false,"targetisweak":true},{"source":"066ead57-f5cb-4568-b4e6-6d1839a44956","target":"ee6a3e58-39ca-460b-af28-fcfb9440f2d0","order":"normal","sourceCard":"0:n","targetCard":"1:1","label":"of","hierType":null,"sourceisweak":true,"targetisweak":false},{"source":"7e6ed45d-a246-4ca3-87e3-b7c6c7536fd4","target":"17303fe7-363e-48c1-acac-1846954a47bd","order":"normal","sourceCard":"1:1","targetCard":"0:n","label":"enrols","hierType":null,"sourceisweak":false,"targetisweak":true},{"source":"17303fe7-363e-48c1-acac-1846954a47bd","target":"730eb0c4-df68-411c-aa72-1e1074ccf033","order":"normal","sourceCard":"0:n","targetCard":"1:1","label":"in","hierType":null,"sourceisweak":true,"targetisweak":false},{"source":"7e6ed45d-a246-4ca3-87e3-b7c6c7536fd4","target":"861b3d8a-8564-47a5-a1e9-a2bc0a4e7f82","order":"normal","sourceCard":"1:1","targetCard":"0:n","label":"enrols","hierType":null,"sourceisweak":false,"targetisweak":true},{"source":"861b3d8a-8564-47a5-a1e9-a2bc0a4e7f82","target":"f8153f06-009f-43c0-82b5-b19f0f4cb0e3","order":"normal","sourceCard":"0:n","targetCard":"1:1","label":"in","hierType":null,"sourceisweak":true,"targetisweak":false},{"source":"51fa2f24-7af4-40f3-bde9-005418ef9b2f","target":"a00293d2-a40c-4e47-8a45-f44d3ef4d980","order":"normal","sourceCard":"0:n","targetCard":"1:1","label":"pays","hierType":null,"sourceisweak":true,"targetisweak":false},{"source":"f954a3cf-962e-45b9-9239-91b02f57de85","target":"fddb2d61-899b-432d-ab87-7d5c5b35891b","order":"normal","sourceCard":"0:n","targetCard":"1:1","label":"has_dosage","hierType":null,"sourceisweak":true,"targetisweak":false},{"source":"f954a3cf-962e-45b9-9239-91b02f57de85","target":"b158e3be-fc3c-4228-997e-6ca4269a6184","order":"normal","sourceCard":"0:n","targetCard":"1:1","label":"of","hierType":null,"sourceisweak":true,"targetisweak":false},{"source":"7e6ed45d-a246-4ca3-87e3-b7c6c7536fd4","target":"56f3ea48-6831-41ac-868d-73062de18b8e","order":"normal","sourceCard":"0:n","targetCard":"1:1","label":"has_rank","hierType":null,"sourceisweak":false,"targetisweak":false},{"source":"861b3d8a-8564-47a5-a1e9-a2bc0a4e7f82","target":"65a6e9fd-bee9-4fd9-bed1-3919ac35b40c","order":"normal","sourceCard":"0:n","targetCard":"1:1","label":"as","hierType":null,"sourceisweak":true,"targetisweak":false},{"source":"17303fe7-363e-48c1-acac-1846954a47bd","target":"65a6e9fd-bee9-4fd9-bed1-3919ac35b40c","order":"normal","sourceCard":"0:n","targetCard":"1:1","label":"as","hierType":null,"sourceisweak":true,"targetisweak":false},{"source":"56f3ea48-6831-41ac-868d-73062de18b8e","target":"56f3ea48-6831-41ac-868d-73062de18b8e","order":"normal","sourceCard":"0:1","targetCard":"0:n","label":"hierarchy","hierType":null,"sourceisweak":false,"targetisweak":false},{"source":"f8153f06-009f-43c0-82b5-b19f0f4cb0e3","target":"2473fd19-822b-4cf7-a2c8-53a672966e54","order":"normal","sourceCard":"0:n","targetCard":"1:1","label":"of_type","hierType":null,"sourceisweak":false,"targetisweak":false}],"normalization":1,"database":0}